3,{"firstName": "Willie", "lastName": "Green", "dateOfBirth": "1991-04-16", "gender": "UNSPECIFIED", "email": "dlong@king-bray.com", "phone": "951-939-6795", "socialSecurity": "429-93-4213", "driversLicense": "HI0002417469", "income": 2750957, "address": "339 Janice Square Apt. 203", "city": "Bryanshire", "state": "GA", "zipcode": "69444", "mailingAddress": "5696 Kennedy Mountain", "mailingCity": "East Lawrence", "mailingState": "IA", "mailingZipcode": "00653"}
4,{"firstName": "Joshua", "lastName": "Cummings", "dateOfBirth": "1972-08-27", "gender": "OTHER", "email": "yalexander@yahoo.com", "phone": "746-372-5269", "socialSecurity": "496-66-5622", "driversLicense": "WY2033062249", "income": 8465038, "address": "284 Frazier View", "city": "Lake Mark", "state": "HI", "zipcode": "27571", "mailingAddress": "737 Cardenas Extensions Apt. 517", "mailingCity": "Lake Eddieborough", "mailingState": "HI", "mailingZipcode": "25347"}
5,{"firstName": "Mark", "lastName": "Bennett", "dateOfBirth": "1973-12-10", "gender": "FEMALE", "email": "lthomas@boone-young.net", "phone": "424-760-2313", "socialSecurity": "610-16-8398", "driversLicense": "SC8115009234", "income": 94069174, "address": "7024 John Mission", "city": "Catherinebury", "state": "GA", "zipcode": "11982", "mailingAddress": "836 Amy Ridge Apt. 764", "mailingCity": "North Maryport", "mailingState": "SC", "mailingZipcode": "99394"}
6,{"firstName": "Melissa", "lastName": "Russell", "dateOfBirth": "1973-02-12", "gender": "FEMALE", "email": "james74@gmail.com", "phone": "252-377-9458", "socialSecurity": "195-23-8261", "driversLicense": "NE3837107978", "income": 81677493, "address": "3105 Smith Crossroad", "city": "Williamsside", "state": "VT", "zipcode": "24308", "mailingAddress": "921 Garcia Divide Apt. 076", "mailingCity": "Hansonmouth", "mailingState": "MA", "mailingZipcode": "87801"}
7,{"firstName": "Jennifer", "lastName": "Christensen", "dateOfBirth": "1987-04-14", "gender": "UNSPECIFIED", "email": "andrew91@gmail.com", "phone": "287-806-0365", "socialSecurity": "056-07-1007", "driversLicense": "WY2254602548", "income": 24576061, "address": "35979 Davis Estate", "city": "Youngfort", "state": "PA", "zipcode": "91049", "mailingAddress": "0419 Chase Ridges Suite 749", "mailingCity": "North Amanda", "mailingState": "MO", "mailingZipcode": "63499"}
8,{"firstName": "Debra", "lastName": "Strickland", "dateOfBirth": "1999-06-06", "gender": "UNSPECIFIED", "email": "eric93@gmail.com", "phone": "369-495-4115", "socialSecurity": "828-70-6264", "driversLicense": "MS0162164899", "income": 34743111, "address": "0647 Christopher Courts Suite 902", "city": "Lake Williamshire", "state": "MO", "zipcode": "63871", "mailingAddress": "631 Cynthia Ranch", "mailingCity": "Shellychester", "mailingState": "AZ", "mailingZipcode": "02340"}
9,{"firstName": "Megan", "lastName": "Martin", "dateOfBirth": "1973-06-17", "gender": "FEMALE", "email": "eleach@yahoo.com", "phone": "205-726-6362", "socialSecurity": "353-84-5923", "driversLicense": "CA8647640481", "income": 68568206, "address": "58767 Morales Hollow", "city": "Russellside", "state": "NH", "zipcode": "17143", "mailingAddress": "639 Natalie Meadow", "mailingCity": "North Melissaton", "mailingState": "WI", "mailingZipcode": "52622"}
10,{"firstName": "Kevin", "lastName": "Rivera", "dateOfBirth": "1996-11-06", "gender": "UNSPECIFIED", "email": "kevin74@hotmail.com", "phone": "034-075-8339", "socialSecurity": "179-03-2381", "driversLicense": "WA5045101947", "income": 63162418, "address": "179 Jacobs Rapid Suite 246", "city": "Kelliehaven", "state": "NM", "zipcode": "41601", "mailingAddress": "77310 Maria Course", "mailingCity": "Whitneyport", "mailingState": "GA", "mailingZipcode": "64319"}
11,{"firstName": "Kendra", "lastName": "Webster", "dateOfBirth": "2002-04-01", "gender": "MALE", "email": "merrittdaniel@cunningham.net", "phone": "766-588-9425", "socialSecurity": "929-72-6765", "driversLicense": "AK7662012785", "income": 68586924, "address": "58068 Jennifer Bridge", "city": "New Stephanieburgh", "state": "NM", "zipcode": "89819", "mailingAddress": "08605 Gregory Circle Suite 031", "mailingCity": "East Arthurchester", "mailingState": "GA", "mailingZipcode": "57877"}
12,{"firstName": "David", "lastName": "Horn", "dateOfBirth": "1978-11-26", "gender": "OTHER", "email": "william62@wang.com", "phone": "780-452-1346", "socialSecurity": "195-09-6086", "driversLicense": "MT8920571000", "income": 15930600, "address": "9068 David Landing", "city": "Floresburgh", "state": "NJ", "zipcode": "06790", "mailingAddress": "405 Ashley Lake", "mailingCity": "Michaelhaven", "mailingState": "AK", "mailingZipcode": "25163"}
13,{"firstName": "Michael", "lastName": "Russell", "dateOfBirth": "2001-03-09", "gender": "MALE", "email": "hodgealexandria@garza-donaldson.org", "phone": "068-020-5212", "socialSecurity": "767-29-5605", "driversLicense": "NH1074420634", "income": 96432995, "address": "46056 Becker Skyway Apt. 907", "city": "Hernandezberg", "state": "CO", "zipcode": "64914", "mailingAddress": "444 Lisa Coves", "mailingCity": "Vegastad", "mailingState": "MA", "mailingZipcode": "38271"}
14,{"firstName": "Melissa", "lastName": "Taylor", "dateOfBirth": "2000-02-11", "gender": "OTHER", "email": "tschmidt@yahoo.com", "phone": "088-752-1106", "socialSecurity": "534-68-7638", "driversLicense": "WY6979880740", "income": 45929062, "address": "501 Santana Course", "city": "Sanchezbury", "state": "RI", "zipcode": "83934", "mailingAddress": "9019 Washington Mews", "mailingCity": "South Nicole", "mailingState": "AK", "mailingZipcode": "27351"}
15,{"firstName": "Yolanda", "lastName": "Miller", "dateOfBirth": "1991-09-03", "gender": "MALE", "email": "taylor64@norman-bailey.biz", "phone": "885-895-7839", "socialSecurity": "693-83-0920", "driversLicense": "CA7949837088", "income": 49099006, "address": "518 Clayton Throughway Suite 056", "city": "Craigfort", "state": "AL", "zipcode": "87936", "mailingAddress": "161 Anthony Land", "mailingCity": "Paynefurt", "mailingState": "IL", "mailingZipcode": "86779"}
16,{"firstName": "Allen", "lastName": "Wilson", "dateOfBirth": "2002-06-06", "gender": "MALE", "email": "michelle57@yahoo.com", "phone": "535-491-3029", "socialSecurity": "769-09-0497", "driversLicense": "WV8862534193", "income": 66804863, "address": "43246 Ferguson Mountain", "city": "Port Maryton", "state": "OR", "zipcode": "08663", "mailingAddress": "4613 Johnson Inlet Apt. 146", "mailingCity": "Port Amanda", "mailingState": "NM", "mailingZipcode": "55329"}
17,{"firstName": "Felicia", "lastName": "Callahan", "dateOfBirth": "1990-04-23", "gender": "OTHER", "email": "davidwest@barry.com", "phone": "735-899-7579", "socialSecurity": "019-73-0399", "driversLicense": "WA7456761277", "income": 48367947, "address": "90798 Mary Prairie", "city": "North Antonio", "state": "AK", "zipcode": "12380", "mailingAddress": "285 Morgan Ways Suite 586", "mailingCity": "Butlerchester", "mailingState": "LA", "mailingZipcode": "08829"}
18,{"firstName": "Natalie", "lastName": "Johnson", "dateOfBirth": "1982-08-26", "gender": "MALE", "email": "dominique50@yahoo.com", "phone": "675-969-4407", "socialSecurity": "555-12-4443", "driversLicense": "WY8894492529", "income": 50487123, "address": "023 Fisher Expressway", "city": "East Michelletown", "state": "MO", "zipcode": "39173", "mailingAddress": "28571 Butler Plaza Suite 226", "mailingCity": "New Johnland", "mailingState": "RI", "mailingZipcode": "53320"}
19,{"firstName": "Michelle", "lastName": "Cantrell", "dateOfBirth": "1983-08-26", "gender": "UNSPECIFIED", "email": "knightlaura@yahoo.com", "phone": "823-752-6361", "socialSecurity": "615-36-4132", "driversLicense": "CA1636364640", "income": 6842771, "address": "6100 Beth Walks Apt. 780", "city": "West Richardside", "state": "OR", "zipcode": "77472", "mailingAddress": "4041 Rodriguez Walk Apt. 974", "mailingCity": "North Dennisbury", "mailingState": "AK", "mailingZipcode": "56659"}
20,{"firstName": "Penny", "lastName": "Brown", "dateOfBirth": "1973-04-09", "gender": "UNSPECIFIED", "email": "marcia67@hotmail.com", "phone": "561-333-3411", "socialSecurity": "730-81-4371", "driversLicense": "NH7984857675", "income": 18384166, "address": "45583 James Place", "city": "Michealville", "state": "HI", "zipcode": "35613", "mailingAddress": "401 Smith Route", "mailingCity": "Kaylastad", "mailingState": "DE", "mailingZipcode": "97097"}
21,{"firstName": "Beth", "lastName": "Young", "dateOfBirth": "1984-03-28", "gender": "FEMALE", "email": "martinezstephen@castaneda.com", "phone": "160-735-7283", "socialSecurity": "239-29-3286", "driversLicense": "MA1966273741", "income": 3429010, "address": "068 Robert Fords Suite 307", "city": "Port Mariamouth", "state": "UT", "zipcode": "92739", "mailingAddress": "4153 Matthew Camp", "mailingCity": "North Matthew", "mailingState": "NM", "mailingZipcode": "37443"}
