3,{"firstName": "Ebony", "lastName": "Hopkins", "dateOfBirth": "1979-04-05", "gender": "MALE", "email": "scottlowery@gmail.com", "phone": "356-604-2985", "socialSecurity": "040-25-4786", "driversLicense": "MI8065795420", "income": 80395175, "address": "59428 Tiffany Curve", "city": "Port Stephenfurt", "state": "NY", "zipcode": "28099", "mailingAddress": "72407 George Track", "mailingCity": "West Mikaylachester", "mailingState": "WI", "mailingZipcode": "24518"}
4,{"firstName": "Shannon", "lastName": "Douglas", "dateOfBirth": "1979-03-11", "gender": "MALE", "email": "matthewprice@hotmail.com", "phone": "983-388-2531", "socialSecurity": "792-62-4253", "driversLicense": "MO0420586072", "income": 79676037, "address": "288 Fuller Mission", "city": "Blaketown", "state": "KS", "zipcode": "09465", "mailingAddress": "1024 Leslie Squares Apt. 476", "mailingCity": "Mindyton", "mailingState": "IA", "mailingZipcode": "18934"}
5,{"firstName": "Melinda", "lastName": "Haynes", "dateOfBirth": "1972-10-23", "gender": "MALE", "email": "landryjose@hotmail.com", "phone": "789-134-0048", "socialSecurity": "122-60-8163", "driversLicense": "NM4198788354", "income": 80045760, "address": "4035 Thomas Pines", "city": "North Antonio", "state": "NV", "zipcode": "49207", "mailingAddress": "1789 House Spur Apt. 842", "mailingCity": "Lewiston", "mailingState": "OR", "mailingZipcode": "72538"}
6,{"firstName": "Stacy", "lastName": "Wise", "dateOfBirth": "1993-04-16", "gender": "OTHER", "email": "kturner@yahoo.com", "phone": "093-852-9697", "socialSecurity": "831-77-6694", "driversLicense": "VA7258224563", "income": 30635634, "address": "508 George Dam Suite 218", "city": "Lake Jose", "state": "NE", "zipcode": "89995", "mailingAddress": "0633 Laura Canyon", "mailingCity": "West Stacy", "mailingState": "NY", "mailingZipcode": "17272"}
7,{"firstName": "Mary", "lastName": "Daniels", "dateOfBirth": "1984-02-09", "gender": "UNSPECIFIED", "email": "wilsonmichael@armstrong.com", "phone": "097-405-6666", "socialSecurity": "426-43-3106", "driversLicense": "SC2454083083", "income": 49045037, "address": "8725 Burgess Drives Suite 957", "city": "Meganside", "state": "AK", "zipcode": "11379", "mailingAddress": "446 Johnson Station Apt. 627", "mailingCity": "Leeport", "mailingState": "HI", "mailingZipcode": "56587"}
8,{"firstName": "Catherine", "lastName": "Garza", "dateOfBirth": "1971-12-18", "gender": "FEMALE", "email": "ryanchurch@adkins-farley.com", "phone": "644-578-4653", "socialSecurity": "814-56-2701", "driversLicense": "AR1224090454", "income": 50520629, "address": "09180 Craig Camp", "city": "Marshallburgh", "state": "MT", "zipcode": "56234", "mailingAddress": "3472 Tran Route", "mailingCity": "Rachelberg", "mailingState": "KY", "mailingZipcode": "93101"}
9,{"firstName": "Dennis", "lastName": "Valentine", "dateOfBirth": "1989-03-31", "gender": "FEMALE", "email": "stephen83@watson.com", "phone": "108-092-9991", "socialSecurity": "604-98-0418", "driversLicense": "SC4514345203", "income": 30619692, "address": "427 Roy Path Suite 009", "city": "Kellyview", "state": "WY", "zipcode": "25849", "mailingAddress": "9795 Bryan Island Suite 740", "mailingCity": "Benjaminchester", "mailingState": "ID", "mailingZipcode": "47885"}
10,{"firstName": "Melissa", "lastName": "Wilson", "dateOfBirth": "1980-10-29", "gender": "FEMALE", "email": "davidmartinez@yahoo.com", "phone": "000-647-6708", "socialSecurity": "066-42-8276", "driversLicense": "NJ6812348000", "income": 12179510, "address": "80522 Sara Hill Suite 215", "city": "Port Bobbyport", "state": "IA", "zipcode": "05295", "mailingAddress": "9383 Judith Turnpike Apt. 867", "mailingCity": "Whiteview", "mailingState": "DC", "mailingZipcode": "87838"}
11,{"firstName": "Gary", "lastName": "Fisher", "dateOfBirth": "2000-12-30", "gender": "OTHER", "email": "martinezcrystal@yahoo.com", "phone": "518-687-1694", "socialSecurity": "967-54-5679", "driversLicense": "AR1650884029", "income": 64706224, "address": "971 Kurt Fort Apt. 056", "city": "New Amandafort", "state": "VT", "zipcode": "85263", "mailingAddress": "5002 Joshua Run", "mailingCity": "Whitefort", "mailingState": "GA", "mailingZipcode": "10483"}
12,{"firstName": "Melissa", "lastName": "Webb", "dateOfBirth": "1996-08-03", "gender": "FEMALE", "email": "ashleyrobinson@hotmail.com", "phone": "332-246-6431", "socialSecurity": "297-27-1022", "driversLicense": "CA6074992099", "income": 99922941, "address": "517 Jennifer Locks Apt. 755", "city": "Herrerastad", "state": "KS", "zipcode": "79668", "mailingAddress": "4404 Carl Glens Apt. 366", "mailingCity": "Danielton", "mailingState": "WI", "mailingZipcode": "64419"}
13,{"firstName": "Alexander", "lastName": "Miller", "dateOfBirth": "1974-03-03", "gender": "FEMALE", "email": "matthewcampbell@hotmail.com", "phone": "387-261-1783", "socialSecurity": "233-79-1446", "driversLicense": "KS0796561641", "income": 16010231, "address": "1376 Caldwell Trafficway", "city": "West John", "state": "PA", "zipcode": "85008", "mailingAddress": "847 Cox Key Suite 049", "mailingCity": "South Virginia", "mailingState": "OK", "mailingZipcode": "09878"}
14,{"firstName": "April", "lastName": "Dougherty", "dateOfBirth": "1972-12-31", "gender": "UNSPECIFIED", "email": "georgelowe@martin.com", "phone": "707-836-9602", "socialSecurity": "285-75-9204", "driversLicense": "TN7705838397", "income": 22160739, "address": "7019 Estrada Walks Suite 000", "city": "Leetown", "state": "MS", "zipcode": "60953", "mailingAddress": "7223 Howe Station", "mailingCity": "Norrishaven", "mailingState": "FL", "mailingZipcode": "36640"}
15,{"firstName": "Christine", "lastName": "Lee", "dateOfBirth": "1971-07-18", "gender": "OTHER", "email": "juliearnold@yahoo.com", "phone": "392-511-1042", "socialSecurity": "256-76-5531", "driversLicense": "LA1681593558", "income": 23634463, "address": "237 John Pine", "city": "North Robert", "state": "ND", "zipcode": "58351", "mailingAddress": "076 Choi Park", "mailingCity": "East Matthew", "mailingState": "GA", "mailingZipcode": "64650"}
16,{"firstName": "Beverly", "lastName": "Wilson", "dateOfBirth": "1996-03-16", "gender": "OTHER", "email": "jacksonerin@hotmail.com", "phone": "054-965-1203", "socialSecurity": "394-04-4830", "driversLicense": "MT8283659546", "income": 8939281, "address": "7763 Richard Flats", "city": "Stephenton", "state": "WI", "zipcode": "24227", "mailingAddress": "657 Kaiser Road Suite 816", "mailingCity": "Heathbury", "mailingState": "FL", "mailingZipcode": "91143"}
17,{"firstName": "Teresa", "lastName": "Chambers", "dateOfBirth": "1997-01-26", "gender": "FEMALE", "email": "brandi30@webster.com", "phone": "576-734-6471", "socialSecurity": "115-51-9266", "driversLicense": "MS1699112661", "income": 5669342, "address": "3546 Robin Course", "city": "Tannermouth", "state": "SD", "zipcode": "65599", "mailingAddress": "5557 Mary Mews", "mailingCity": "Wendymouth", "mailingState": "MD", "mailingZipcode": "45853"}
18,{"firstName": "Rhonda", "lastName": "Keith", "dateOfBirth": "1998-10-16", "gender": "OTHER", "email": "yjones@duncan-little.com", "phone": "251-020-1344", "socialSecurity": "207-97-2030", "driversLicense": "FL3074056047", "income": 29793009, "address": "4357 Heath Ranch Suite 135", "city": "Carrollberg", "state": "CA", "zipcode": "04029", "mailingAddress": "908 Ross Unions Apt. 257", "mailingCity": "Joeton", "mailingState": "MT", "mailingZipcode": "15287"}
